
{
  "devices": [
    {
      "device": {
        "deviceID": "05157DF53B1BA11F",
        "os": "Android",
        "name": "GalaxyS6",
        "isDesktopBrowser": "false",
        "runNative": "true",
        "runWeb": "false"
      }
    },
    {
      "device": {
        "deviceID": "8F46591E26620649A03F66F3693FC3DBC719F01F",
        "os": "iOS",
        "name": "iPhone 6 Plus",
        "isDesktopBrowser": "false",
        "runNative": "true",
        "runWeb": "false"
      }
    },
    {
      "device": {
        "deviceID": "0301890A12076D4A6E431D743ECBE3A9E72EA79E",
        "os": "iOS",
        "name": "iPhone 7",
        "isDesktopBrowser": "false",
        "runNative": "true",
        "runWeb": "false"
      }
    },
    {
      "device": {
        "deviceID": "AA7EEEAADD92242C665D2807B538BDACFAA5A0DB",
        "os": "iOS",
        "name": "iPhone 6s",
        "isDesktopBrowser": "false",
        "runNative": "true",
        "runWeb": "false"
      }
    },
    {
      "device": {
        "deviceID": "HT58ZJT00147",
        "os": "Android",
        "name": "Nexus 9 Tablet",
        "isDesktopBrowser": "false",
        "runNative": "true",
        "runWeb": "false"
      }
    },
    {
      "device": {
        "deviceID": "1D246E164CE780E46A161C9D288B613C7525CD5A",
        "os": "iOS",
        "name": "iPad Air 2",
        "isDesktopBrowser": "false",
        "runNative": "true",
        "runWeb": "false"
      }
    }
  ]
}